source_id,dt,costs
1,01/06/2017,75.2
1,02/06/2017,62.25
1,03/06/2017,36.53
1,04/06/2017,55
1,05/06/2017,57.08
1,06/06/2017,40.39
1,07/06/2017,40.59
1,08/06/2017,56.63
1,09/06/2017,40.16
1,10/06/2017,43.24
1,11/06/2017,21.68
1,12/06/2017,27.48
1,13/06/2017,44.66
1,14/06/2017,30.7
1,15/06/2017,39.71
1,16/06/2017,39.1
1,17/06/2017,21.41
1,18/06/2017,50.04
1,19/06/2017,25.08
1,20/06/2017,25.37
1,21/06/2017,22.6
1,22/06/2017,21.68
1,23/06/2017,28.6
1,24/06/2017,10.72
1,25/06/2017,22.03
1,26/06/2017,31.91
1,27/06/2017,47.73
1,28/06/2017,38.48
1,29/06/2017,32.58
1,30/06/2017,36.98
1,01/07/2017,5.8
1,02/07/2017,27.99
1,03/07/2017,21.56
1,04/07/2017,37.63
1,05/07/2017,22.11
1,06/07/2017,23.32
1,07/07/2017,47.25
1,08/07/2017,32.26
1,09/07/2017,54.94
1,10/07/2017,30.69
1,11/07/2017,24.08
1,12/07/2017,53.53
1,13/07/2017,34.52
1,14/07/2017,63.52
1,15/07/2017,52.47
1,16/07/2017,34.02
1,17/07/2017,90.87
1,18/07/2017,54.31
1,19/07/2017,46.85
1,20/07/2017,28.46
1,21/07/2017,36.25
1,22/07/2017,20.98
1,23/07/2017,28.1
1,24/07/2017,48.58
1,25/07/2017,13.31
1,26/07/2017,27.38
1,27/07/2017,9.92
1,28/07/2017,23.5
1,29/07/2017,12.6
1,30/07/2017,34.96
1,31/07/2017,31.12
1,01/08/2017,44.65
1,02/08/2017,25.47
1,03/08/2017,19.96
1,04/08/2017,23.08
1,05/08/2017,26.49
1,06/08/2017,13.21
1,07/08/2017,27.78
1,08/08/2017,33.71
1,09/08/2017,19.67
1,10/08/2017,32.73
1,11/08/2017,29.93
1,12/08/2017,16.04
1,13/08/2017,17.01
1,14/08/2017,45.75
1,15/08/2017,34.63
1,16/08/2017,22.07
1,17/08/2017,50.77
1,18/08/2017,31.57
1,19/08/2017,23.2
1,20/08/2017,37.04
1,21/08/2017,25.09
1,22/08/2017,32.48
1,23/08/2017,22.42
1,24/08/2017,33.88
1,25/08/2017,26.18
1,26/08/2017,30.38
1,27/08/2017,46.25
1,28/08/2017,50.07
1,29/08/2017,28.25
1,30/08/2017,43.79
1,31/08/2017,38.26
1,01/09/2017,40.28
1,02/09/2017,26.16
1,03/09/2017,24.95
1,04/09/2017,36.48
1,05/09/2017,48.53
1,06/09/2017,61.1
1,07/09/2017,29.06
1,08/09/2017,53.66
1,09/09/2017,41.98
1,10/09/2017,22.83
1,11/09/2017,48.02
1,12/09/2017,31.75
1,13/09/2017,49.61
1,14/09/2017,54.86
1,15/09/2017,49.8
1,16/09/2017,30.24
1,17/09/2017,45.97
1,18/09/2017,61.06
1,19/09/2017,45.41
1,20/09/2017,75.74
1,21/09/2017,55.05
1,22/09/2017,58.6
1,23/09/2017,18.34
1,24/09/2017,31.84
1,25/09/2017,86.61
1,26/09/2017,68.59
1,27/09/2017,86.83
1,28/09/2017,75.52
1,29/09/2017,84.04
1,30/09/2017,59.1
1,01/10/2017,57.14
1,02/10/2017,86.51
1,03/10/2017,78.73
1,04/10/2017,90.78
1,05/10/2017,85.21
1,06/10/2017,76.57
1,07/10/2017,72.02
1,08/10/2017,42.54
1,09/10/2017,89.25
1,10/10/2017,56.04
1,11/10/2017,63.58
1,12/10/2017,106.59
1,13/10/2017,78.87
1,14/10/2017,55.8
1,15/10/2017,49.88
1,16/10/2017,64.75
1,17/10/2017,46.35
1,18/10/2017,66.2
1,19/10/2017,67.95
1,20/10/2017,125.68
1,21/10/2017,65.58
1,22/10/2017,60.25
1,23/10/2017,70.44
1,24/10/2017,124.55
1,25/10/2017,61.38
1,26/10/2017,106.66
1,27/10/2017,62.53
1,28/10/2017,55.19
1,29/10/2017,78.69
1,30/10/2017,97.1
1,31/10/2017,72.94
1,01/11/2017,69.03
1,02/11/2017,98.15
1,03/11/2017,77.4
1,04/11/2017,48.34
1,05/11/2017,60.5
1,06/11/2017,65.54
1,07/11/2017,78.5
1,08/11/2017,74.46
1,09/11/2017,63.55
1,10/11/2017,65.79
1,11/11/2017,77.93
1,12/11/2017,73.18
1,13/11/2017,115.58
1,14/11/2017,61.88
1,15/11/2017,64.81
1,16/11/2017,97.95
1,17/11/2017,97.08
1,18/11/2017,89.38
1,19/11/2017,40.22
1,20/11/2017,77.1
1,21/11/2017,49.84
1,22/11/2017,72.41
1,23/11/2017,112.96
1,24/11/2017,245.75
1,25/11/2017,116.21
1,26/11/2017,46.36
1,27/11/2017,75.91
1,28/11/2017,84.19
1,29/11/2017,79.11
1,30/11/2017,66.05
1,01/12/2017,55.1
1,02/12/2017,63.1
1,03/12/2017,69.72
1,04/12/2017,75.08
1,05/12/2017,123.17
1,06/12/2017,95.2
1,07/12/2017,57.39
1,08/12/2017,86.1
1,09/12/2017,41.62
1,10/12/2017,94.17
1,11/12/2017,102.23
1,12/12/2017,78.76
1,13/12/2017,72.29
1,14/12/2017,63.48
1,15/12/2017,89.68
1,16/12/2017,115.35
1,17/12/2017,59.59
1,18/12/2017,87.79
1,19/12/2017,91.65
1,20/12/2017,67.61
1,21/12/2017,99.91
1,22/12/2017,90.16
1,23/12/2017,55.53
1,24/12/2017,40.65
1,25/12/2017,88.39
1,26/12/2017,102.8
1,27/12/2017,59
1,28/12/2017,40.7
1,29/12/2017,78.58
1,30/12/2017,56.74
1,31/12/2017,39.66
1,01/01/2018,82.86
1,02/01/2018,70.96
1,03/01/2018,88.77
1,04/01/2018,83.95
1,05/01/2018,77.45
1,06/01/2018,47.29
1,07/01/2018,63.5
1,08/01/2018,30.97
1,09/01/2018,54.71
1,10/01/2018,81.81
1,11/01/2018,79.24
1,12/01/2018,54.48
1,13/01/2018,36.75
1,14/01/2018,53.25
1,15/01/2018,96.79
1,16/01/2018,82.05
1,17/01/2018,52.93
1,18/01/2018,31.47
1,19/01/2018,89.01
1,20/01/2018,50.77
1,21/01/2018,59.89
1,22/01/2018,87.81
1,23/01/2018,70.27
1,24/01/2018,83.17
1,25/01/2018,61.46
1,26/01/2018,68.03
1,27/01/2018,71.26
1,28/01/2018,61.7
1,29/01/2018,98.53
1,30/01/2018,117.35
1,31/01/2018,97.7
1,01/02/2018,104.67
1,02/02/2018,78.98
1,03/02/2018,51
1,04/02/2018,49.93
1,05/02/2018,80.3
1,06/02/2018,54.15
1,07/02/2018,87.95
1,08/02/2018,49.97
1,09/02/2018,90.23
1,10/02/2018,66.7
1,11/02/2018,88.5
1,12/02/2018,91.64
1,13/02/2018,112.28
1,14/02/2018,103.04
1,15/02/2018,129.46
1,16/02/2018,57.28
1,17/02/2018,50.57
1,18/02/2018,60.41
1,19/02/2018,93.1
1,20/02/2018,81.51
1,21/02/2018,77.12
1,22/02/2018,99.56
1,23/02/2018,76.71
1,24/02/2018,74.39
1,25/02/2018,72.7
1,26/02/2018,77.29
1,27/02/2018,89.24
1,28/02/2018,55.8
1,01/03/2018,68.14
1,02/03/2018,76.1
1,03/03/2018,39.55
1,04/03/2018,48.04
1,05/03/2018,80.71
1,06/03/2018,76.26
1,07/03/2018,55.27
1,08/03/2018,56.41
1,09/03/2018,62.35
1,10/03/2018,48.78
1,11/03/2018,49.35
1,12/03/2018,64.66
1,13/03/2018,97.46
1,14/03/2018,70.02
1,15/03/2018,56.05
1,16/03/2018,50.22
1,17/03/2018,18.37
1,18/03/2018,50.77
1,19/03/2018,57.07
1,20/03/2018,69.43
1,21/03/2018,80.4
1,22/03/2018,102.05
1,23/03/2018,59.97
1,24/03/2018,78.98
1,25/03/2018,87.7
1,26/03/2018,69.98
1,27/03/2018,108.24
1,28/03/2018,63.78
1,29/03/2018,40
1,30/03/2018,6.98
1,02/04/2018,15.67
1,03/04/2018,42.96
1,04/04/2018,55.59
1,05/04/2018,43.52
1,06/04/2018,54.06
1,07/04/2018,44.17
1,08/04/2018,28.57
1,09/04/2018,21.56
1,10/04/2018,41.21
1,11/04/2018,42.23
1,12/04/2018,54.32
1,13/04/2018,61.05
1,14/04/2018,27.15
1,15/04/2018,37.02
1,16/04/2018,34.66
1,17/04/2018,48.96
1,18/04/2018,67.16
1,19/04/2018,81.98
1,20/04/2018,45.84
1,21/04/2018,53.71
1,22/04/2018,53.66
1,23/04/2018,41.57
1,24/04/2018,35.06
1,25/04/2018,69.61
1,26/04/2018,72.51
1,27/04/2018,39.27
1,28/04/2018,74.23
1,29/04/2018,27.32
1,30/04/2018,12.87
1,01/05/2018,27.64
1,02/05/2018,33.07
1,03/05/2018,41.27
1,04/05/2018,64.44
1,05/05/2018,19.2
1,06/05/2018,52.91
1,07/05/2018,34.86
1,08/05/2018,20.5
1,09/05/2018,28.16
1,10/05/2018,37.55
1,11/05/2018,33.21
1,12/05/2018,34.69
1,13/05/2018,32.28
1,14/05/2018,64.38
1,15/05/2018,47
1,16/05/2018,66.39
1,17/05/2018,57.07
1,18/05/2018,49.19
1,19/05/2018,48.37
1,20/05/2018,29.76
1,21/05/2018,40.3
1,22/05/2018,33.08
1,23/05/2018,36.25
1,24/05/2018,53.93
1,25/05/2018,29.89
1,26/05/2018,33.56
1,27/05/2018,30.89
1,28/05/2018,54.47
1,29/05/2018,61.13
1,30/05/2018,130.47
1,31/05/2018,141.7
2,01/06/2017,132.56
2,02/06/2017,132.38
2,03/06/2017,77.2
2,04/06/2017,79.08
2,05/06/2017,108.96
2,06/06/2017,167.81
2,07/06/2017,92.62
2,08/06/2017,114.05
2,09/06/2017,83.96
2,10/06/2017,35.95
2,11/06/2017,49.79
2,12/06/2017,50.5
2,13/06/2017,47.08
2,14/06/2017,40.66
2,15/06/2017,72.09
2,16/06/2017,53.27
2,17/06/2017,45.56
2,18/06/2017,49.47
2,19/06/2017,58.54
2,20/06/2017,94.2
2,21/06/2017,102.7
2,22/06/2017,86.15
2,23/06/2017,49.09
2,24/06/2017,54.51
2,25/06/2017,60.33
2,26/06/2017,96.14
2,27/06/2017,79.26
2,28/06/2017,108.52
2,29/06/2017,117.28
2,30/06/2017,87.67
2,01/07/2017,61.77
2,02/07/2017,43.28
2,03/07/2017,91.52
2,04/07/2017,88.26
2,05/07/2017,58.95
2,06/07/2017,52.27
2,07/07/2017,80.34
2,08/07/2017,79.89
2,09/07/2017,64.23
2,10/07/2017,66.23
2,11/07/2017,108.81
2,12/07/2017,95.68
2,13/07/2017,88.51
2,14/07/2017,124
2,15/07/2017,96.34
2,16/07/2017,73.94
2,17/07/2017,196.68
2,18/07/2017,80.87
2,19/07/2017,73.14
2,20/07/2017,62.1
2,21/07/2017,78.24
2,22/07/2017,79.86
2,23/07/2017,41.43
2,24/07/2017,62.56
2,25/07/2017,56.9
2,26/07/2017,67.83
2,27/07/2017,53.35
2,28/07/2017,59.86
2,29/07/2017,23.74
2,30/07/2017,54.72
2,31/07/2017,67.81
2,01/08/2017,84.42
2,02/08/2017,54.21
2,03/08/2017,46.52
2,04/08/2017,70.81
2,05/08/2017,44.31
2,06/08/2017,28.67
2,07/08/2017,32.72
2,08/08/2017,56.98
2,09/08/2017,35.91
2,10/08/2017,55.19
2,11/08/2017,45.89
2,12/08/2017,36.05
2,13/08/2017,42.78
2,14/08/2017,55.77
2,15/08/2017,52.23
2,16/08/2017,88.73
2,17/08/2017,97.53
2,18/08/2017,51.7
2,19/08/2017,50.1
2,20/08/2017,50.96
2,21/08/2017,59.69
2,22/08/2017,52.39
2,23/08/2017,68.44
2,24/08/2017,54.21
2,25/08/2017,58.65
2,26/08/2017,45.69
2,27/08/2017,59.08
2,28/08/2017,74.89
2,29/08/2017,69.44
2,30/08/2017,77.47
2,31/08/2017,109.62
2,01/09/2017,65.27
2,02/09/2017,57.95
2,03/09/2017,75.83
2,04/09/2017,55.43
2,05/09/2017,96.44
2,06/09/2017,136.21
2,07/09/2017,94.66
2,08/09/2017,98.74
2,09/09/2017,62.03
2,10/09/2017,80.49
2,11/09/2017,82.77
2,12/09/2017,81.64
2,13/09/2017,113.53
2,14/09/2017,99.72
2,15/09/2017,58.03
2,16/09/2017,77.42
2,17/09/2017,77.3
2,18/09/2017,103.36
2,19/09/2017,93.57
2,20/09/2017,80.13
2,21/09/2017,140.29
2,22/09/2017,96.75
2,23/09/2017,75.39
2,24/09/2017,106.94
2,25/09/2017,174.67
2,26/09/2017,109.95
2,27/09/2017,149.61
2,28/09/2017,151.35
2,29/09/2017,170.09
2,30/09/2017,120.1
2,01/10/2017,90.53
2,02/10/2017,177.67
2,03/10/2017,165.71
2,04/10/2017,204.96
2,05/10/2017,145.18
2,06/10/2017,272.59
2,07/10/2017,161.63
2,08/10/2017,133.42
2,09/10/2017,152.23
2,10/10/2017,133.24
2,11/10/2017,162.05
2,12/10/2017,197.27
2,13/10/2017,213.09
2,14/10/2017,131.73
2,15/10/2017,125.95
2,16/10/2017,138.79
2,17/10/2017,145.7
2,18/10/2017,124.34
2,19/10/2017,154.09
2,20/10/2017,201.57
2,21/10/2017,145
2,22/10/2017,165.84
2,23/10/2017,119.32
2,24/10/2017,116.4
2,25/10/2017,201.39
2,26/10/2017,131.85
2,27/10/2017,178.17
2,28/10/2017,129
2,29/10/2017,137.8
2,30/10/2017,188.63
2,31/10/2017,99.86
2,01/11/2017,204.4
2,02/11/2017,218.45
2,03/11/2017,159.16
2,04/11/2017,134.45
2,05/11/2017,196.33
2,06/11/2017,125.58
2,07/11/2017,125.18
2,08/11/2017,171.77
2,09/11/2017,121.06
2,10/11/2017,160.6
2,11/11/2017,133.35
2,12/11/2017,119.54
2,13/11/2017,175.9
2,14/11/2017,150.53
2,15/11/2017,107.63
2,16/11/2017,272.25
2,17/11/2017,153.89
2,18/11/2017,124.52
2,19/11/2017,185.27
2,20/11/2017,207.91
2,21/11/2017,167.37
2,22/11/2017,126.59
2,23/11/2017,161.19
2,24/11/2017,507.09
2,25/11/2017,238.81
2,26/11/2017,184.69
2,27/11/2017,160.79
2,28/11/2017,199.55
2,29/11/2017,110.41
2,30/11/2017,143.42
2,01/12/2017,193.39
2,02/12/2017,121.91
2,03/12/2017,146.74
2,04/12/2017,179.38
2,05/12/2017,142.95
2,06/12/2017,160.62
2,07/12/2017,224.42
2,08/12/2017,176.55
2,09/12/2017,128.35
2,10/12/2017,164.37
2,11/12/2017,208.46
2,12/12/2017,222.31
2,13/12/2017,138.29
2,14/12/2017,213.38
2,15/12/2017,179.36
2,16/12/2017,169.75
2,17/12/2017,152.38
2,18/12/2017,130.33
2,19/12/2017,166.4
2,20/12/2017,122.19
2,21/12/2017,108.06
2,22/12/2017,90.53
2,23/12/2017,145.14
2,24/12/2017,131.91
2,25/12/2017,176.2
2,26/12/2017,181.8
2,27/12/2017,144.42
2,28/12/2017,195.88
2,29/12/2017,133.01
2,30/12/2017,158.27
2,31/12/2017,91.05
2,01/01/2018,113.13
2,02/01/2018,146.25
2,03/01/2018,137.03
2,04/01/2018,153.54
2,05/01/2018,115.97
2,06/01/2018,119.81
2,07/01/2018,117.94
2,08/01/2018,128.98
2,09/01/2018,184.67
2,10/01/2018,185.36
2,11/01/2018,140.1
2,12/01/2018,149.57
2,13/01/2018,90.47
2,14/01/2018,98.85
2,15/01/2018,158.16
2,16/01/2018,104.29
2,17/01/2018,106.49
2,18/01/2018,126.74
2,19/01/2018,150.85
2,20/01/2018,152.28
2,21/01/2018,100.46
2,22/01/2018,188.81
2,23/01/2018,113.58
2,24/01/2018,124.23
2,25/01/2018,105.91
2,26/01/2018,99.34
2,27/01/2018,129.01
2,28/01/2018,109.3
2,29/01/2018,270.67
2,30/01/2018,153.06
2,31/01/2018,82.89
2,01/02/2018,268.84
2,02/02/2018,137.27
2,03/02/2018,121.58
2,04/02/2018,138.34
2,05/02/2018,140.44
2,06/02/2018,124.81
2,07/02/2018,192.33
2,08/02/2018,133.54
2,09/02/2018,182.99
2,10/02/2018,253.15
2,11/02/2018,156.64
2,12/02/2018,173.06
2,13/02/2018,145.64
2,14/02/2018,187.85
2,15/02/2018,181.31
2,16/02/2018,121.06
2,17/02/2018,177.42
2,18/02/2018,169.99
2,19/02/2018,138.62
2,20/02/2018,184.04
2,21/02/2018,130.91
2,22/02/2018,242.84
2,23/02/2018,79.07
2,24/02/2018,158.59
2,25/02/2018,119.49
2,26/02/2018,130.16
2,27/02/2018,144.51
2,28/02/2018,139.85
2,01/03/2018,96.13
2,02/03/2018,149.68
2,03/03/2018,106.29
2,04/03/2018,119.26
2,05/03/2018,165.52
2,06/03/2018,121.25
2,07/03/2018,126.08
2,08/03/2018,168.36
2,09/03/2018,96.99
2,10/03/2018,109.34
2,11/03/2018,165.23
2,12/03/2018,142.05
2,13/03/2018,118.27
2,14/03/2018,112.42
2,15/03/2018,126.74
2,16/03/2018,119.82
2,17/03/2018,99.27
2,18/03/2018,91.15
2,19/03/2018,131.53
2,20/03/2018,173.69
2,21/03/2018,148.75
2,22/03/2018,142.55
2,23/03/2018,165.39
2,24/03/2018,203.26
2,25/03/2018,125
2,26/03/2018,212.38
2,27/03/2018,134.7
2,28/03/2018,120.75
2,29/03/2018,136.21
2,30/03/2018,15.08
2,02/04/2018,90.86
2,03/04/2018,83.54
2,04/04/2018,92.35
2,05/04/2018,123.88
2,06/04/2018,126.38
2,07/04/2018,62.95
2,08/04/2018,111.13
2,09/04/2018,160.18
2,10/04/2018,97.32
2,11/04/2018,113.94
2,12/04/2018,114.41
2,13/04/2018,108.68
2,14/04/2018,71.49
2,15/04/2018,70.05
2,16/04/2018,123.83
2,17/04/2018,99.44
2,18/04/2018,121.69
2,19/04/2018,150.91
2,20/04/2018,136.91
2,21/04/2018,77.12
2,22/04/2018,76.97
2,23/04/2018,135.85
2,24/04/2018,134.53
2,25/04/2018,138.46
2,26/04/2018,100.86
2,27/04/2018,76.17
2,28/04/2018,90.52
2,29/04/2018,38.51
2,30/04/2018,64.77
2,01/05/2018,41.31
2,02/05/2018,67.77
2,03/05/2018,135.37
2,04/05/2018,80.2
2,05/05/2018,52.86
2,06/05/2018,51.37
2,07/05/2018,58.35
2,08/05/2018,60.29
2,09/05/2018,45.38
2,10/05/2018,62.69
2,11/05/2018,82.25
2,12/05/2018,61.59
2,13/05/2018,63.59
2,14/05/2018,119.08
2,15/05/2018,111.66
2,16/05/2018,133.03
2,17/05/2018,70.77
2,18/05/2018,79.88
2,19/05/2018,86.66
2,20/05/2018,63.21
2,21/05/2018,95.9
2,22/05/2018,103.77
2,23/05/2018,65.77
2,24/05/2018,88.89
2,25/05/2018,78.55
2,26/05/2018,54.07
2,27/05/2018,113.35
2,28/05/2018,82.67
2,29/05/2018,105.75
2,30/05/2018,119.26
2,31/05/2018,254.15
3,01/06/2017,349.38
3,02/06/2017,314.22
3,03/06/2017,196.12
3,04/06/2017,389.87
3,05/06/2017,424.47
3,06/06/2017,332.77
3,07/06/2017,237.02
3,08/06/2017,727.29
3,09/06/2017,461.07
3,10/06/2017,148.42
3,11/06/2017,148.5
3,12/06/2017,127.54
3,13/06/2017,45.73
3,14/06/2017,221.27
3,15/06/2017,334.99
3,16/06/2017,272.4
3,17/06/2017,184.27
3,18/06/2017,214.63
3,19/06/2017,347.54
3,20/06/2017,122.17
3,21/06/2017,205.21
3,22/06/2017,372.5
3,23/06/2017,225.21
3,24/06/2017,57.07
3,25/06/2017,207.36
3,26/06/2017,188.88
3,27/06/2017,229.18
3,28/06/2017,200.73
3,29/06/2017,103.47
3,30/06/2017,342.37
3,01/07/2017,174.94
3,02/07/2017,207.03
3,03/07/2017,273.75
3,04/07/2017,331.36
3,05/07/2017,233.41
3,06/07/2017,349.63
3,07/07/2017,241.25
3,08/07/2017,243.65
3,09/07/2017,291.75
3,10/07/2017,243.38
3,11/07/2017,284.19
3,12/07/2017,355.82
3,13/07/2017,237.93
3,14/07/2017,518.41
3,15/07/2017,306.19
3,16/07/2017,198.49
3,17/07/2017,352.5
3,18/07/2017,203.7
3,19/07/2017,174.5
3,20/07/2017,179.74
3,21/07/2017,410.71
3,22/07/2017,182.17
3,23/07/2017,129.22
3,24/07/2017,272.24
3,25/07/2017,207.46
3,26/07/2017,138.07
3,27/07/2017,189.37
3,28/07/2017,97.25
3,29/07/2017,177.74
3,30/07/2017,212.65
3,31/07/2017,255.87
3,01/08/2017,273.19
3,02/08/2017,149.18
3,03/08/2017,199.69
3,04/08/2017,136.09
3,05/08/2017,94.11
3,06/08/2017,116.5
3,07/08/2017,96.13
3,08/08/2017,225.66
3,09/08/2017,146.72
3,10/08/2017,246.74
3,11/08/2017,165.68
3,12/08/2017,78.15
3,13/08/2017,179.91
3,14/08/2017,202.24
3,15/08/2017,192.73
3,16/08/2017,208.7
3,17/08/2017,302.19
3,18/08/2017,242.57
3,19/08/2017,190.33
3,20/08/2017,223.77
3,21/08/2017,208.13
3,22/08/2017,187.84
3,23/08/2017,189.78
3,24/08/2017,215.38
3,25/08/2017,156.91
3,26/08/2017,184.72
3,27/08/2017,212.8
3,28/08/2017,276.51
3,29/08/2017,221.59
3,30/08/2017,266.46
3,31/08/2017,353.14
3,01/09/2017,237.51
3,02/09/2017,105.01
3,03/09/2017,245.4
3,04/09/2017,144.76
3,05/09/2017,421.37
3,06/09/2017,257.91
3,07/09/2017,410.8
3,08/09/2017,431.65
3,09/09/2017,330.87
3,10/09/2017,262.62
3,11/09/2017,328.94
3,12/09/2017,102.11
3,13/09/2017,561.03
3,14/09/2017,454.22
3,15/09/2017,364.39
3,16/09/2017,229.28
3,17/09/2017,364.78
3,18/09/2017,276.36
3,19/09/2017,503.55
3,20/09/2017,330.87
3,21/09/2017,86.02
3,22/09/2017,281.4
3,23/09/2017,180.88
3,24/09/2017,346.07
3,25/09/2017,455.29
3,26/09/2017,531.85
3,27/09/2017,552.22
3,28/09/2017,224.08
3,29/09/2017,421.28
3,30/09/2017,521.03
3,01/10/2017,448.54
3,02/10/2017,558.33
3,03/10/2017,620.7
3,04/10/2017,497.16
3,05/10/2017,765.45
3,06/10/2017,980.52
3,07/10/2017,624.13
3,08/10/2017,279.46
3,09/10/2017,444.12
3,10/10/2017,750.95
3,11/10/2017,433.84
3,12/10/2017,285.02
3,13/10/2017,703.26
3,14/10/2017,215.19
3,15/10/2017,461.56
3,16/10/2017,227.3
3,17/10/2017,515.74
3,18/10/2017,499.52
3,19/10/2017,473.7
3,20/10/2017,516.12
3,21/10/2017,195.93
3,22/10/2017,334.13
3,23/10/2017,504.54
3,24/10/2017,565.97
3,25/10/2017,369.48
3,26/10/2017,435.66
3,27/10/2017,824.66
3,28/10/2017,614.7
3,29/10/2017,727.16
3,30/10/2017,495.34
3,31/10/2017,369.06
3,01/11/2017,617.56
3,02/11/2017,633.72
3,03/11/2017,811.14
3,04/11/2017,383.86
3,05/11/2017,363.83
3,06/11/2017,385.05
3,07/11/2017,472.89
3,08/11/2017,404.08
3,09/11/2017,224.83
3,10/11/2017,542.29
3,11/11/2017,396.88
3,12/11/2017,564.78
3,13/11/2017,412.38
3,14/11/2017,476.64
3,15/11/2017,301.45
3,16/11/2017,749.26
3,17/11/2017,248.1
3,18/11/2017,608.15
3,19/11/2017,269.85
3,20/11/2017,106.78
3,21/11/2017,693.85
3,22/11/2017,508.41
3,23/11/2017,713.97
3,24/11/2017,1788.28
3,25/11/2017,803.14
3,26/11/2017,579.39
3,27/11/2017,831.73
3,28/11/2017,701.35
3,29/11/2017,654.18
3,30/11/2017,777.52
3,01/12/2017,452.52
3,02/12/2017,425.38
3,03/12/2017,404.96
3,04/12/2017,539.16
3,05/12/2017,274.88
3,06/12/2017,531.99
3,07/12/2017,682.59
3,08/12/2017,422.58
3,09/12/2017,560.65
3,10/12/2017,550.32
3,11/12/2017,1061.18
3,12/12/2017,802.27
3,13/12/2017,758.28
3,14/12/2017,679.05
3,15/12/2017,648.71
3,16/12/2017,350.28
3,17/12/2017,518.7
3,18/12/2017,500.39
3,19/12/2017,218.25
3,20/12/2017,624.59
3,21/12/2017,482.27
3,22/12/2017,567.75
3,23/12/2017,100.85
3,24/12/2017,637.19
3,25/12/2017,497.03
3,26/12/2017,156.05
3,27/12/2017,279.55
3,28/12/2017,858.28
3,29/12/2017,566.09
3,30/12/2017,633.59
3,31/12/2017,434.14
3,01/01/2018,364.64
3,02/01/2018,594.16
3,03/01/2018,844.63
3,04/01/2018,758.83
3,05/01/2018,498.58
3,06/01/2018,354.74
3,07/01/2018,435.94
3,08/01/2018,252.17
3,09/01/2018,396.09
3,10/01/2018,448.79
3,11/01/2018,548.97
3,12/01/2018,495.72
3,13/01/2018,340.15
3,14/01/2018,502.7
3,15/01/2018,547.61
3,16/01/2018,642.89
3,17/01/2018,435.1
3,18/01/2018,396.24
3,19/01/2018,784.57
3,20/01/2018,403.24
3,21/01/2018,366.84
3,22/01/2018,297.41
3,23/01/2018,429.22
3,24/01/2018,544.27
3,25/01/2018,470.87
3,26/01/2018,412.99
3,27/01/2018,289.71
3,28/01/2018,443.97
3,29/01/2018,462.78
3,30/01/2018,565.06
3,31/01/2018,479.9
3,01/02/2018,636.36
3,02/02/2018,698.2
3,03/02/2018,475.9
3,04/02/2018,288.08
3,05/02/2018,845.75
3,06/02/2018,304.88
3,07/02/2018,405.02
3,08/02/2018,379.87
3,09/02/2018,822.49
3,10/02/2018,696.42
3,11/02/2018,503.52
3,12/02/2018,481.29
3,13/02/2018,791.51
3,14/02/2018,606.1
3,15/02/2018,506.63
3,16/02/2018,377.97
3,17/02/2018,414.5
3,18/02/2018,241.55
3,19/02/2018,774.05
3,20/02/2018,559.89
3,21/02/2018,456.22
3,22/02/2018,769.47
3,23/02/2018,79.62
3,24/02/2018,579.05
3,25/02/2018,455.87
3,26/02/2018,423.43
3,27/02/2018,356.55
3,28/02/2018,298.37
3,01/03/2018,688.48
3,02/03/2018,646.35
3,03/03/2018,324.12
3,04/03/2018,232.25
3,05/03/2018,249.87
3,06/03/2018,121.28
3,07/03/2018,996.15
3,08/03/2018,252.95
3,09/03/2018,410.89
3,10/03/2018,609.1
3,11/03/2018,471.25
3,12/03/2018,570.53
3,13/03/2018,498.59
3,14/03/2018,428.23
3,15/03/2018,702.52
3,16/03/2018,252.37
3,17/03/2018,449.81
3,18/03/2018,178.75
3,19/03/2018,418.56
3,20/03/2018,522.96
3,21/03/2018,144.63
3,22/03/2018,758.15
3,23/03/2018,587.14
3,24/03/2018,272.83
3,25/03/2018,142.69
3,26/03/2018,642.59
3,27/03/2018,700.76
3,28/03/2018,289.93
3,29/03/2018,477.86
3,30/03/2018,39.26
3,02/04/2018,317.38
3,03/04/2018,506.88
3,04/04/2018,517.14
3,05/04/2018,225.38
3,06/04/2018,486.8
3,07/04/2018,295.39
3,08/04/2018,75.9
3,09/04/2018,275.62
3,10/04/2018,451.91
3,11/04/2018,322.04
3,12/04/2018,221.52
3,13/04/2018,186.29
3,14/04/2018,272.6
3,15/04/2018,271.07
3,16/04/2018,203.73
3,17/04/2018,347.63
3,18/04/2018,330.7
3,19/04/2018,603.7
3,20/04/2018,184.98
3,21/04/2018,219.22
3,22/04/2018,467.88
3,23/04/2018,396.01
3,24/04/2018,372.35
3,25/04/2018,448.29
3,26/04/2018,384.02
3,27/04/2018,316.37
3,28/04/2018,316.81
3,29/04/2018,135.33
3,30/04/2018,143.87
3,01/05/2018,299
3,02/05/2018,163.83
3,03/05/2018,262.65
3,04/05/2018,359.21
3,05/05/2018,164.52
3,06/05/2018,148.85
3,07/05/2018,302.21
3,08/05/2018,267.01
3,09/05/2018,192.89
3,10/05/2018,390.34
3,11/05/2018,309.55
3,12/05/2018,313.79
3,13/05/2018,271.35
3,14/05/2018,218.5
3,15/05/2018,312.35
3,16/05/2018,370.19
3,17/05/2018,156.52
3,18/05/2018,414.42
3,19/05/2018,180.85
3,20/05/2018,172.81
3,21/05/2018,126.83
3,22/05/2018,336.66
3,23/05/2018,323.1
3,24/05/2018,352.08
3,25/05/2018,439.4
3,26/05/2018,278.02
3,27/05/2018,254.9
3,28/05/2018,247.92
3,29/05/2018,347.59
3,30/05/2018,611.78
3,31/05/2018,822.3
4,01/06/2017,76.74
4,02/06/2017,59.21
4,03/06/2017,59.39
4,04/06/2017,161.97
4,05/06/2017,44.65
4,06/06/2017,2.38
4,07/06/2017,28.46
4,08/06/2017,283.81
4,09/06/2017,446.64
4,10/06/2017,80.25
4,11/06/2017,71.66
4,12/06/2017,101
4,13/06/2017,79.65
4,14/06/2017,46.55
4,15/06/2017,320.16
4,16/06/2017,73.25
4,17/06/2017,68.61
4,18/06/2017,74.01
4,19/06/2017,51.9
4,20/06/2017,194.46
4,21/06/2017,52.6
4,22/06/2017,102.29
4,23/06/2017,268.03
4,24/06/2017,143.2
4,25/06/2017,168.31
4,26/06/2017,45
4,27/06/2017,114.44
4,28/06/2017,54.02
4,29/06/2017,23.41
4,30/06/2017,218.75
4,01/07/2017,43.17
4,02/07/2017,161.67
4,03/07/2017,54.69
4,04/07/2017,93.86
4,05/07/2017,74.94
4,06/07/2017,273.2
4,07/07/2017,13.58
4,08/07/2017,91.94
4,09/07/2017,51.91
4,10/07/2017,59.37
4,11/07/2017,38.38
4,12/07/2017,54.86
4,13/07/2017,59.66
4,14/07/2017,448.92
4,15/07/2017,90.66
4,16/07/2017,10.99
4,17/07/2017,298.2
4,18/07/2017,278.26
4,19/07/2017,150.08
4,20/07/2017,172.85
4,21/07/2017,178.37
4,22/07/2017,9.59
4,23/07/2017,42.18
4,24/07/2017,153.37
4,25/07/2017,89.37
4,26/07/2017,60.41
4,27/07/2017,141.77
4,28/07/2017,126.26
4,29/07/2017,29.52
4,30/07/2017,27.97
4,31/07/2017,149.73
4,01/08/2017,36.22
4,02/08/2017,109.08
4,03/08/2017,167.72
4,04/08/2017,109.33
4,05/08/2017,73.41
4,06/08/2017,31.19
4,07/08/2017,8.36
4,08/08/2017,39.92
4,09/08/2017,92.77
4,10/08/2017,91.02
4,11/08/2017,106.65
4,12/08/2017,69.85
4,13/08/2017,84.61
4,14/08/2017,35.83
4,15/08/2017,210.6
4,16/08/2017,228.72
4,17/08/2017,19.99
4,18/08/2017,129.32
4,19/08/2017,184.76
4,20/08/2017,28.41
4,21/08/2017,4
4,22/08/2017,214.23
4,23/08/2017,130.07
4,24/08/2017,45.19
4,25/08/2017,174.93
4,26/08/2017,33.11
4,27/08/2017,212.58
4,28/08/2017,113.71
4,29/08/2017,1.74
4,30/08/2017,316.81
4,31/08/2017,113.23
4,01/09/2017,54.43
4,02/09/2017,59.41
4,03/09/2017,208.19
4,04/09/2017,249.91
4,05/09/2017,73.44
4,06/09/2017,263.13
4,07/09/2017,362.7
4,08/09/2017,307.03
4,09/09/2017,50.32
4,10/09/2017,118.53
4,11/09/2017,83.39
4,12/09/2017,181.7
4,13/09/2017,138.54
4,14/09/2017,331.25
4,15/09/2017,107.81
4,16/09/2017,223.44
4,17/09/2017,59.76
4,18/09/2017,154.6
4,19/09/2017,10.23
4,20/09/2017,51.3
4,21/09/2017,95.94
4,22/09/2017,359.35
4,23/09/2017,127.75
4,24/09/2017,170.74
4,25/09/2017,46.58
4,26/09/2017,261.97
4,27/09/2017,48.69
4,28/09/2017,270.94
4,29/09/2017,523.77
4,30/09/2017,197.42
4,01/10/2017,282.74
4,02/10/2017,129.08
4,03/10/2017,119.74
4,04/10/2017,161.14
4,05/10/2017,434.14
4,06/10/2017,172.24
4,07/10/2017,259.13
4,08/10/2017,154.38
4,09/10/2017,263.95
4,10/10/2017,305.53
4,11/10/2017,113.03
4,12/10/2017,63.37
4,13/10/2017,12.16
4,14/10/2017,109.49
4,15/10/2017,60.02
4,16/10/2017,103.63
4,17/10/2017,1.96
4,18/10/2017,103.2
4,19/10/2017,287.31
4,20/10/2017,378.15
4,21/10/2017,561.65
4,22/10/2017,258.74
4,23/10/2017,274.26
4,24/10/2017,243.86
4,25/10/2017,235.48
4,26/10/2017,300.89
4,27/10/2017,395.49
4,28/10/2017,85.86
4,29/10/2017,236.95
4,30/10/2017,309.56
4,31/10/2017,3.71
4,01/11/2017,90.16
4,02/11/2017,270.7
4,03/11/2017,48.25
4,04/11/2017,228.73
4,05/11/2017,387.64
4,06/11/2017,223.11
4,07/11/2017,50.19
4,08/11/2017,312.31
4,09/11/2017,4.09
4,10/11/2017,224.96
4,11/11/2017,318.96
4,12/11/2017,256.17
4,13/11/2017,458.41
4,14/11/2017,57.03
4,15/11/2017,32.09
4,16/11/2017,418.31
4,17/11/2017,86.21
4,18/11/2017,312.73
4,19/11/2017,51.8
4,20/11/2017,7.19
4,21/11/2017,22.24
4,22/11/2017,236.37
4,23/11/2017,47.6
4,24/11/2017,80.88
4,25/11/2017,267.3
4,26/11/2017,58.15
4,27/11/2017,68.76
4,28/11/2017,87.09
4,29/11/2017,242.35
4,30/11/2017,439.04
4,01/12/2017,104.28
4,02/12/2017,117.69
4,03/12/2017,256.2
4,04/12/2017,473.2
4,05/12/2017,788.03
4,06/12/2017,85.34
4,07/12/2017,372.14
4,08/12/2017,28.14
4,09/12/2017,367.51
4,10/12/2017,66.03
4,11/12/2017,509.15
4,12/12/2017,325.47
4,13/12/2017,191.42
4,14/12/2017,279.2
4,15/12/2017,593.39
4,16/12/2017,95.71
4,17/12/2017,421.49
4,18/12/2017,72.47
4,19/12/2017,42.16
4,20/12/2017,229.25
4,21/12/2017,219.21
4,22/12/2017,64.88
4,23/12/2017,457.46
4,24/12/2017,25.28
4,25/12/2017,304.38
4,26/12/2017,252.6
4,27/12/2017,187.92
4,28/12/2017,89.49
4,29/12/2017,362.48
4,30/12/2017,237.85
4,31/12/2017,60.65
4,01/01/2018,92.45
4,02/01/2018,281.71
4,03/01/2018,102.03
4,04/01/2018,194.2
4,05/01/2018,118.87
4,06/01/2018,301
4,07/01/2018,130.14
4,08/01/2018,14.55
4,09/01/2018,66.62
4,10/01/2018,67.72
4,11/01/2018,557.49
4,12/01/2018,159.19
4,13/01/2018,68.96
4,14/01/2018,99.48
4,15/01/2018,19.93
4,16/01/2018,420.21
4,17/01/2018,386.59
4,18/01/2018,94.14
4,19/01/2018,363.74
4,20/01/2018,96.7
4,21/01/2018,212.55
4,22/01/2018,560.97
4,23/01/2018,11.67
4,24/01/2018,106.02
4,25/01/2018,8.81
4,26/01/2018,379.13
4,27/01/2018,227.3
4,28/01/2018,152.14
4,29/01/2018,315.11
4,30/01/2018,149.99
4,31/01/2018,73.38
4,01/02/2018,10.46
4,02/02/2018,290.24
4,03/02/2018,84.62
4,04/02/2018,155.41
4,05/02/2018,167.23
4,06/02/2018,185.07
4,07/02/2018,4.7
4,08/02/2018,202.29
4,09/02/2018,281.17
4,10/02/2018,718.84
4,11/02/2018,350.14
4,12/02/2018,414.37
4,13/02/2018,112.65
4,14/02/2018,8.12
4,15/02/2018,427.46
4,16/02/2018,138.81
4,17/02/2018,100.71
4,18/02/2018,440.81
4,19/02/2018,164.76
4,20/02/2018,286.74
4,21/02/2018,260.03
4,22/02/2018,131.14
4,23/02/2018,85.63
4,24/02/2018,180.81
4,25/02/2018,258.94
4,26/02/2018,57.12
4,27/02/2018,69.79
4,28/02/2018,123.9
4,01/03/2018,364.8
4,02/03/2018,40.49
4,03/03/2018,6.31
4,04/03/2018,104.19
4,05/03/2018,335.27
4,06/03/2018,348.6
4,07/03/2018,336.61
4,08/03/2018,275.19
4,09/03/2018,77.68
4,10/03/2018,285
4,11/03/2018,485.34
4,12/03/2018,13.89
4,13/03/2018,496.42
4,14/03/2018,140.16
4,15/03/2018,196.12
4,16/03/2018,94.32
4,17/03/2018,219.68
4,18/03/2018,0.83
4,19/03/2018,219.8
4,20/03/2018,294.67
4,21/03/2018,146.74
4,22/03/2018,109.82
4,23/03/2018,58.34
4,24/03/2018,196
4,25/03/2018,241.82
4,26/03/2018,297.49
4,27/03/2018,51.2
4,28/03/2018,303.04
4,29/03/2018,206.36
4,30/03/2018,15.69
4,02/04/2018,65.09
4,03/04/2018,56.98
4,04/04/2018,51.62
4,05/04/2018,226.01
4,06/04/2018,118.28
4,07/04/2018,36.92
4,08/04/2018,45.96
4,09/04/2018,364.56
4,10/04/2018,199.19
4,11/04/2018,161.69
4,12/04/2018,160.14
4,13/04/2018,487
4,14/04/2018,243.86
4,15/04/2018,144.55
4,16/04/2018,210.94
4,17/04/2018,50.59
4,18/04/2018,68.18
4,19/04/2018,45.03
4,20/04/2018,357.11
4,21/04/2018,4.55
4,22/04/2018,210.54
4,23/04/2018,65.52
4,24/04/2018,57.69
4,25/04/2018,14.13
4,26/04/2018,346
4,27/04/2018,207.3
4,28/04/2018,12.44
4,29/04/2018,339.13
4,30/04/2018,57.49
4,01/05/2018,130.82
4,02/05/2018,136.8
4,03/05/2018,164.61
4,04/05/2018,196.83
4,05/05/2018,160.29
4,06/05/2018,39.57
4,07/05/2018,192.17
4,08/05/2018,132.93
4,09/05/2018,133.48
4,10/05/2018,60.58
4,11/05/2018,1.31
4,12/05/2018,58.74
4,13/05/2018,145.15
4,14/05/2018,93.19
4,15/05/2018,48.68
4,16/05/2018,199.99
4,17/05/2018,227.86
4,18/05/2018,265.19
4,19/05/2018,179.98
4,20/05/2018,195.92
4,21/05/2018,80.09
4,22/05/2018,235.27
4,23/05/2018,59.62
4,24/05/2018,288.83
4,25/05/2018,28.02
4,26/05/2018,46.98
4,27/05/2018,28.04
4,28/05/2018,68.88
4,29/05/2018,103.84
4,30/05/2018,18.01
4,31/05/2018,492.54
5,01/06/2017,73.24
5,02/06/2017,123.82
5,03/06/2017,64.93
5,04/06/2017,52.77
5,05/06/2017,144.3
5,06/06/2017,136.43
5,07/06/2017,123.15
5,08/06/2017,156.32
5,09/06/2017,130.94
5,10/06/2017,72.51
5,11/06/2017,41.89
5,12/06/2017,64.6
5,13/06/2017,81.81
5,14/06/2017,81.15
5,15/06/2017,116.72
5,16/06/2017,102.74
5,17/06/2017,63.85
5,18/06/2017,51.2
5,19/06/2017,71.66
5,20/06/2017,106.82
5,21/06/2017,69.14
5,22/06/2017,94.81
5,23/06/2017,65.49
5,24/06/2017,50.51
5,25/06/2017,70.65
5,26/06/2017,111.47
5,27/06/2017,80.62
5,28/06/2017,60.32
5,29/06/2017,74.38
5,30/06/2017,77.88
5,01/07/2017,72.99
5,02/07/2017,45.97
5,03/07/2017,107.34
5,04/07/2017,92.4
5,05/07/2017,76.88
5,06/07/2017,119.51
5,07/07/2017,123.22
5,08/07/2017,56.8
5,09/07/2017,77.58
5,10/07/2017,100.74
5,11/07/2017,89.67
5,12/07/2017,103.19
5,13/07/2017,156.89
5,14/07/2017,143.57
5,15/07/2017,161.95
5,16/07/2017,96.74
5,17/07/2017,186.09
5,18/07/2017,148.57
5,19/07/2017,132.52
5,20/07/2017,108.2
5,21/07/2017,61.18
5,22/07/2017,54.08
5,23/07/2017,52.58
5,24/07/2017,116.97
5,25/07/2017,77.35
5,26/07/2017,71.7
5,27/07/2017,113.6
5,28/07/2017,57.68
5,29/07/2017,47.6
5,30/07/2017,55.95
5,31/07/2017,88.63
5,01/08/2017,52.78
5,02/08/2017,63.8
5,03/08/2017,64.27
5,04/08/2017,46.88
5,05/08/2017,36.28
5,06/08/2017,27.82
5,07/08/2017,71.4
5,08/08/2017,65.5
5,09/08/2017,72.48
5,10/08/2017,79.18
5,11/08/2017,85.24
5,12/08/2017,46.54
5,13/08/2017,47.43
5,14/08/2017,82.15
5,15/08/2017,61.24
5,16/08/2017,81.53
5,17/08/2017,65.24
5,18/08/2017,100.28
5,19/08/2017,45.55
5,20/08/2017,54.85
5,21/08/2017,88.5
5,22/08/2017,72.48
5,23/08/2017,82.29
5,24/08/2017,89.01
5,25/08/2017,79.18
5,26/08/2017,83.43
5,27/08/2017,78.63
5,28/08/2017,88.96
5,29/08/2017,87.54
5,30/08/2017,97.57
5,31/08/2017,87.25
5,01/09/2017,119.64
5,02/09/2017,90.42
5,03/09/2017,78.45
5,04/09/2017,108.52
5,05/09/2017,94.98
5,06/09/2017,98.49
5,07/09/2017,133.6
5,08/09/2017,142.4
5,09/09/2017,81.99
5,10/09/2017,67.69
5,11/09/2017,131.9
5,12/09/2017,106.66
5,13/09/2017,89.67
5,14/09/2017,152.54
5,15/09/2017,147.87
5,16/09/2017,102.66
5,17/09/2017,79.43
5,18/09/2017,241.06
5,19/09/2017,125.87
5,20/09/2017,105.49
5,21/09/2017,119.97
5,22/09/2017,127.55
5,23/09/2017,79.47
5,24/09/2017,138.4
5,25/09/2017,277.25
5,26/09/2017,165.83
5,27/09/2017,165.46
5,28/09/2017,186.56
5,29/09/2017,162.61
5,30/09/2017,126.71
5,01/10/2017,131.62
5,02/10/2017,163.98
5,03/10/2017,249.43
5,04/10/2017,203.27
5,05/10/2017,195.54
5,06/10/2017,224.15
5,07/10/2017,209.63
5,08/10/2017,126.07
5,09/10/2017,201.99
5,10/10/2017,131.21
5,11/10/2017,168.86
5,12/10/2017,173.81
5,13/10/2017,238.24
5,14/10/2017,149.78
5,15/10/2017,158.86
5,16/10/2017,238.57
5,17/10/2017,121.31
5,18/10/2017,226.92
5,19/10/2017,148.06
5,20/10/2017,189.67
5,21/10/2017,108.48
5,22/10/2017,155.01
5,23/10/2017,216.83
5,24/10/2017,194.72
5,25/10/2017,178.97
5,26/10/2017,158.5
5,27/10/2017,221.31
5,28/10/2017,204.82
5,29/10/2017,205.15
5,30/10/2017,234.35
5,31/10/2017,238.29
5,01/11/2017,211.73
5,02/11/2017,227.62
5,03/11/2017,186.36
5,04/11/2017,157.44
5,05/11/2017,162.07
5,06/11/2017,158.74
5,07/11/2017,122.07
5,08/11/2017,221.81
5,09/11/2017,212.46
5,10/11/2017,191.35
5,11/11/2017,170.58
5,12/11/2017,145.53
5,13/11/2017,249.78
5,14/11/2017,198.26
5,15/11/2017,169.23
5,16/11/2017,216.46
5,17/11/2017,195.2
5,18/11/2017,176.74
5,19/11/2017,191.84
5,20/11/2017,214.02
5,21/11/2017,220.65
5,22/11/2017,176.34
5,23/11/2017,207.62
5,24/11/2017,719.22
5,25/11/2017,247.53
5,26/11/2017,137.72
5,27/11/2017,229.15
5,28/11/2017,230.64
5,29/11/2017,146.91
5,30/11/2017,230.27
5,01/12/2017,216.67
5,02/12/2017,149.99
5,03/12/2017,198.06
5,04/12/2017,231.08
5,05/12/2017,201.66
5,06/12/2017,200.93
5,07/12/2017,279.31
5,08/12/2017,174.57
5,09/12/2017,164.53
5,10/12/2017,158.58
5,11/12/2017,180.75
5,12/12/2017,213.72
5,13/12/2017,234.93
5,14/12/2017,160.58
5,15/12/2017,224.7
5,16/12/2017,199.98
5,17/12/2017,191.3
5,18/12/2017,157.6
5,19/12/2017,192.92
5,20/12/2017,203.87
5,21/12/2017,193.1
5,22/12/2017,196.05
5,23/12/2017,99.26
5,24/12/2017,120.99
5,25/12/2017,256.12
5,26/12/2017,194.26
5,27/12/2017,197.18
5,28/12/2017,186.49
5,29/12/2017,186.47
5,30/12/2017,179.95
5,31/12/2017,126.92
5,01/01/2018,149.29
5,02/01/2018,229.42
5,03/01/2018,258.04
5,04/01/2018,197
5,05/01/2018,163.93
5,06/01/2018,136.59
5,07/01/2018,144.77
5,08/01/2018,172.25
5,09/01/2018,258.67
5,10/01/2018,180.34
5,11/01/2018,151.49
5,12/01/2018,143.27
5,13/01/2018,107.32
5,14/01/2018,197.52
5,15/01/2018,180.38
5,16/01/2018,184.09
5,17/01/2018,122.96
5,18/01/2018,132.77
5,19/01/2018,172.78
5,20/01/2018,171.87
5,21/01/2018,202.48
5,22/01/2018,179.15
5,23/01/2018,171.39
5,24/01/2018,194
5,25/01/2018,189.62
5,26/01/2018,151.74
5,27/01/2018,152.74
5,28/01/2018,129.77
5,29/01/2018,166.69
5,30/01/2018,205.38
5,31/01/2018,173.81
5,01/02/2018,298.58
5,02/02/2018,179.62
5,03/02/2018,207.45
5,04/02/2018,173.87
5,05/02/2018,153.29
5,06/02/2018,133.46
5,07/02/2018,146.27
5,08/02/2018,265.77
5,09/02/2018,154.21
5,10/02/2018,210.04
5,11/02/2018,130.62
5,12/02/2018,227.87
5,13/02/2018,160.7
5,14/02/2018,221.87
5,15/02/2018,201.97
5,16/02/2018,148.87
5,17/02/2018,115.34
5,18/02/2018,134.3
5,19/02/2018,236.22
5,20/02/2018,168.85
5,21/02/2018,148.55
5,22/02/2018,175.53
5,23/02/2018,165.88
5,24/02/2018,174.26
5,25/02/2018,136
5,26/02/2018,242.06
5,27/02/2018,212.55
5,28/02/2018,147.31
5,01/03/2018,196.74
5,02/03/2018,176.96
5,03/03/2018,101.78
5,04/03/2018,140.6
5,05/03/2018,146.43
5,06/03/2018,169.46
5,07/03/2018,169.37
5,08/03/2018,163.48
5,09/03/2018,125.79
5,10/03/2018,140.43
5,11/03/2018,100.82
5,12/03/2018,180.57
5,13/03/2018,158.83
5,14/03/2018,113.37
5,15/03/2018,127.64
5,16/03/2018,136.32
5,17/03/2018,120.02
5,18/03/2018,122.82
5,19/03/2018,119.06
5,20/03/2018,183.31
5,21/03/2018,157.34
5,22/03/2018,265.24
5,23/03/2018,150.62
5,24/03/2018,155.64
5,25/03/2018,207.43
5,26/03/2018,241.36
5,27/03/2018,167.39
5,28/03/2018,120.42
5,29/03/2018,144.18
5,30/03/2018,25.5
5,31/03/2018,0.7
5,02/04/2018,63.05
5,03/04/2018,117.1
5,04/04/2018,108.56
5,05/04/2018,88.85
5,06/04/2018,118.16
5,07/04/2018,90.99
5,08/04/2018,85.6
5,09/04/2018,122.59
5,10/04/2018,116.01
5,11/04/2018,136.88
5,12/04/2018,163.82
5,13/04/2018,119.9
5,14/04/2018,68.11
5,15/04/2018,79.73
5,16/04/2018,139.51
5,17/04/2018,124.8
5,18/04/2018,150.34
5,19/04/2018,122.45
5,20/04/2018,191.58
5,21/04/2018,130.3
5,22/04/2018,149.02
5,23/04/2018,159.89
5,24/04/2018,153.15
5,25/04/2018,153.98
5,26/04/2018,171.63
5,27/04/2018,135.79
5,28/04/2018,81.28
5,29/04/2018,83.78
5,30/04/2018,74.3
5,01/05/2018,79.99
5,02/05/2018,65.1
5,03/05/2018,109.59
5,04/05/2018,82.01
5,05/05/2018,92.53
5,06/05/2018,100.54
5,07/05/2018,104.64
5,08/05/2018,84.03
5,09/05/2018,61.65
5,10/05/2018,99.69
5,11/05/2018,93.67
5,12/05/2018,69.06
5,13/05/2018,85.86
5,14/05/2018,112.97
5,15/05/2018,108.04
5,16/05/2018,134.23
5,17/05/2018,156.83
5,18/05/2018,82.16
5,19/05/2018,112.57
5,20/05/2018,109.87
5,21/05/2018,108.71
5,22/05/2018,126.79
5,23/05/2018,156.03
5,24/05/2018,102.97
5,25/05/2018,115.26
5,26/05/2018,115.21
5,27/05/2018,84.66
5,28/05/2018,131.77
5,29/05/2018,138.33
5,30/05/2018,246.76
5,31/05/2018,398.04
9,01/06/2017,13.06
9,02/06/2017,18.13
9,03/06/2017,7.06
9,04/06/2017,4.65
9,05/06/2017,15.3
9,06/06/2017,10.52
9,07/06/2017,8.58
9,08/06/2017,12.09
9,09/06/2017,11.9
9,10/06/2017,5.75
9,11/06/2017,7.27
9,12/06/2017,8.88
9,13/06/2017,10.66
9,14/06/2017,5.08
9,15/06/2017,17.9
9,16/06/2017,7.96
9,17/06/2017,6.95
9,18/06/2017,9.44
9,19/06/2017,9.57
9,20/06/2017,8.27
9,21/06/2017,6.81
9,22/06/2017,11.05
9,23/06/2017,7.33
9,24/06/2017,5.36
9,25/06/2017,8.84
9,26/06/2017,9.36
9,27/06/2017,8.12
9,28/06/2017,8.75
9,29/06/2017,11.36
9,30/06/2017,9.22
9,01/07/2017,6.89
9,02/07/2017,6.6
9,03/07/2017,8.57
9,04/07/2017,10.36
9,05/07/2017,9.62
9,06/07/2017,13.52
9,07/07/2017,12.06
9,08/07/2017,8.11
9,09/07/2017,5.18
9,10/07/2017,20.23
9,11/07/2017,11.12
9,12/07/2017,9.26
9,13/07/2017,15.03
9,14/07/2017,15.57
9,15/07/2017,16.18
9,16/07/2017,10.39
9,17/07/2017,20.9
9,18/07/2017,7.75
9,19/07/2017,10.07
9,20/07/2017,15.6
9,21/07/2017,7.39
9,22/07/2017,7.29
9,23/07/2017,9.78
9,24/07/2017,4.48
9,25/07/2017,8.25
9,26/07/2017,5.6
9,27/07/2017,6.46
9,28/07/2017,4.11
9,29/07/2017,5.26
9,30/07/2017,4.33
9,31/07/2017,6.58
9,01/08/2017,8.56
9,02/08/2017,6.93
9,03/08/2017,9.3
9,04/08/2017,6.96
9,05/08/2017,3.45
9,06/08/2017,9.82
9,07/08/2017,8.5
9,08/08/2017,7.19
9,09/08/2017,7.68
9,10/08/2017,7.48
9,11/08/2017,11.36
9,12/08/2017,2.83
9,13/08/2017,5.32
9,14/08/2017,16.25
9,15/08/2017,8.09
9,16/08/2017,11.82
9,17/08/2017,6.17
9,18/08/2017,8.4
9,19/08/2017,7.68
9,20/08/2017,6.35
9,21/08/2017,3.78
9,22/08/2017,10.94
9,23/08/2017,13
9,24/08/2017,6.62
9,25/08/2017,10.29
9,26/08/2017,4.62
9,27/08/2017,5.29
9,28/08/2017,6.74
9,29/08/2017,5.95
9,30/08/2017,9.55
9,31/08/2017,12.01
9,01/09/2017,15.03
9,02/09/2017,10.43
9,03/09/2017,9.52
9,04/09/2017,15.83
9,05/09/2017,10.79
9,06/09/2017,10.47
9,07/09/2017,15.72
9,08/09/2017,8.7
9,09/09/2017,12.81
9,10/09/2017,12.7
9,11/09/2017,8.7
9,12/09/2017,9.93
9,13/09/2017,8.55
9,14/09/2017,13.01
9,15/09/2017,18.6
9,16/09/2017,14.57
9,17/09/2017,11.12
9,18/09/2017,11.21
9,19/09/2017,12.85
9,20/09/2017,14.83
9,21/09/2017,9.87
9,22/09/2017,9.08
9,23/09/2017,13.06
9,24/09/2017,20.93
9,25/09/2017,18.92
9,26/09/2017,17.59
9,27/09/2017,23.49
9,28/09/2017,17.7
9,29/09/2017,19.69
9,30/09/2017,19.92
9,01/10/2017,17.64
9,02/10/2017,22.74
9,03/10/2017,35.22
9,04/10/2017,23.73
9,05/10/2017,21.15
9,06/10/2017,14.26
9,07/10/2017,19.01
9,08/10/2017,14.59
9,09/10/2017,18.52
9,10/10/2017,13.84
9,11/10/2017,22.59
9,12/10/2017,13.83
9,13/10/2017,22.51
9,14/10/2017,13.65
9,15/10/2017,9.81
9,16/10/2017,24.45
9,17/10/2017,22.27
9,18/10/2017,14.33
9,19/10/2017,18.28
9,20/10/2017,16.12
9,21/10/2017,7.91
9,22/10/2017,16.94
9,23/10/2017,20.85
9,24/10/2017,22.57
9,25/10/2017,21.3
9,26/10/2017,22.88
9,27/10/2017,24.38
9,28/10/2017,20.61
9,29/10/2017,16.75
9,30/10/2017,22.34
9,31/10/2017,34.34
9,01/11/2017,26.41
9,02/11/2017,26.58
9,03/11/2017,15.76
9,04/11/2017,17.76
9,05/11/2017,26.01
9,06/11/2017,20.32
9,07/11/2017,25.6
9,08/11/2017,21.04
9,09/11/2017,19.29
9,10/11/2017,19.2
9,11/11/2017,14.61
9,12/11/2017,16.05
9,13/11/2017,19.18
9,14/11/2017,18.84
9,15/11/2017,22.9
9,16/11/2017,29.1
9,17/11/2017,28.25
9,18/11/2017,13.15
9,19/11/2017,26.74
9,20/11/2017,23.86
9,21/11/2017,17.11
9,22/11/2017,19.98
9,23/11/2017,29.16
9,24/11/2017,49.53
9,25/11/2017,34.28
9,26/11/2017,18.9
9,27/11/2017,24.74
9,28/11/2017,15.67
9,29/11/2017,18.65
9,30/11/2017,24.51
9,01/12/2017,26.85
9,02/12/2017,20.11
9,03/12/2017,9.26
9,04/12/2017,16.22
9,05/12/2017,22.99
9,06/12/2017,23.79
9,07/12/2017,29.08
9,08/12/2017,26.45
9,09/12/2017,21.37
9,10/12/2017,20
9,11/12/2017,25.71
9,12/12/2017,19.85
9,13/12/2017,30.72
9,14/12/2017,17.03
9,15/12/2017,24.44
9,16/12/2017,20.42
9,17/12/2017,22.73
9,18/12/2017,23.15
9,19/12/2017,21.09
9,20/12/2017,20.7
9,21/12/2017,25.43
9,22/12/2017,21.22
9,23/12/2017,11.69
9,24/12/2017,15.16
9,25/12/2017,27.33
9,26/12/2017,28.42
9,27/12/2017,24.65
9,28/12/2017,19.4
9,29/12/2017,17.07
9,30/12/2017,16.33
9,31/12/2017,9.32
9,01/01/2018,27.23
9,02/01/2018,31.75
9,03/01/2018,14.75
9,04/01/2018,16.06
9,05/01/2018,16.41
9,06/01/2018,15.26
9,07/01/2018,8.15
9,08/01/2018,16.65
9,09/01/2018,15.72
9,10/01/2018,21.43
9,11/01/2018,26.1
9,12/01/2018,21.9
9,13/01/2018,16.15
9,14/01/2018,15.18
9,15/01/2018,11.58
9,16/01/2018,13.9
9,17/01/2018,18.85
9,18/01/2018,13.15
9,19/01/2018,18.76
9,20/01/2018,16.6
9,21/01/2018,13.24
9,22/01/2018,23.39
9,23/01/2018,16.51
9,24/01/2018,18.43
9,25/01/2018,23.05
9,26/01/2018,14.49
9,27/01/2018,10.84
9,28/01/2018,11.48
9,29/01/2018,21.92
9,30/01/2018,23.74
9,31/01/2018,14.49
9,01/02/2018,27.78
9,02/02/2018,23.31
9,03/02/2018,14.3
9,04/02/2018,21.54
9,05/02/2018,24.54
9,06/02/2018,20.99
9,07/02/2018,25.26
9,08/02/2018,23.74
9,09/02/2018,21.51
9,10/02/2018,17.87
9,11/02/2018,18.43
9,12/02/2018,19.58
9,13/02/2018,22.94
9,14/02/2018,19.46
9,15/02/2018,21.21
9,16/02/2018,23.15
9,17/02/2018,10.6
9,18/02/2018,15.73
9,19/02/2018,23.54
9,20/02/2018,17.74
9,21/02/2018,13.41
9,22/02/2018,14.94
9,23/02/2018,15.32
9,24/02/2018,16.81
9,25/02/2018,19.26
9,26/02/2018,28.02
9,27/02/2018,20.05
9,28/02/2018,10.47
9,01/03/2018,13.13
9,02/03/2018,14.42
9,03/03/2018,16.8
9,04/03/2018,13.72
9,05/03/2018,12.26
9,06/03/2018,21.76
9,07/03/2018,17.77
9,08/03/2018,18.31
9,09/03/2018,14.39
9,10/03/2018,18.99
9,11/03/2018,12.23
9,12/03/2018,13.74
9,13/03/2018,14.45
9,14/03/2018,19.44
9,15/03/2018,20.15
9,16/03/2018,11.74
9,17/03/2018,10.86
9,18/03/2018,6.24
9,19/03/2018,14.99
9,20/03/2018,12.68
9,21/03/2018,15.63
9,22/03/2018,19.97
9,23/03/2018,18.56
9,24/03/2018,13.42
9,25/03/2018,20.36
9,26/03/2018,29.06
9,27/03/2018,28.82
9,28/03/2018,20.59
9,29/03/2018,13.96
9,30/03/2018,1.85
9,02/04/2018,12.44
9,03/04/2018,12.57
9,04/04/2018,9.18
9,05/04/2018,8.42
9,06/04/2018,16.81
9,07/04/2018,8.91
9,08/04/2018,10.23
9,09/04/2018,15.63
9,10/04/2018,20.11
9,11/04/2018,10.72
9,12/04/2018,11.86
9,13/04/2018,10.81
9,14/04/2018,10.21
9,15/04/2018,11.19
9,16/04/2018,20.37
9,17/04/2018,11.5
9,18/04/2018,12.28
9,19/04/2018,11.2
9,20/04/2018,12.07
9,21/04/2018,9.75
9,22/04/2018,16.81
9,23/04/2018,17.72
9,24/04/2018,12.03
9,25/04/2018,15.39
9,26/04/2018,18.4
9,27/04/2018,18.67
9,28/04/2018,11.68
9,29/04/2018,9.32
9,30/04/2018,7.21
9,01/05/2018,8.28
9,02/05/2018,11.94
9,03/05/2018,8.89
9,04/05/2018,10.43
9,05/05/2018,7.65
9,06/05/2018,11.29
9,07/05/2018,6.69
9,08/05/2018,10.91
9,09/05/2018,10.85
9,10/05/2018,12.05
9,11/05/2018,11.93
9,12/05/2018,4.09
9,13/05/2018,7.55
9,14/05/2018,15.07
9,15/05/2018,16.3
9,16/05/2018,12.82
9,17/05/2018,13.17
9,18/05/2018,14.47
9,19/05/2018,6.5
9,20/05/2018,10.55
9,21/05/2018,6.53
9,22/05/2018,19.76
9,23/05/2018,8.69
9,24/05/2018,6.11
9,25/05/2018,9.77
9,26/05/2018,8.53
9,27/05/2018,11.11
9,28/05/2018,12.47
9,29/05/2018,16.83
9,30/05/2018,23.57
9,31/05/2018,27.37
10,01/06/2017,15.08
10,02/06/2017,11.18
10,03/06/2017,9.62
10,04/06/2017,17.82
10,05/06/2017,26.68
10,06/06/2017,21.69
10,07/06/2017,18.3
10,08/06/2017,3.82
10,09/06/2017,20.82
10,10/06/2017,5.02
10,11/06/2017,9.13
10,12/06/2017,3.65
10,13/06/2017,12.6
10,14/06/2017,5.71
10,15/06/2017,12.64
10,16/06/2017,6.76
10,17/06/2017,10.52
10,18/06/2017,5.88
10,19/06/2017,15.25
10,20/06/2017,7.84
10,21/06/2017,9.83
10,22/06/2017,5.01
10,23/06/2017,10.32
10,24/06/2017,3.86
10,25/06/2017,3.88
10,26/06/2017,12.16
10,27/06/2017,9.76
10,28/06/2017,4.1
10,29/06/2017,8.2
10,30/06/2017,7.09
10,01/07/2017,12.48
10,02/07/2017,2.5
10,03/07/2017,16.51
10,04/07/2017,2.12
10,05/07/2017,13.47
10,06/07/2017,10.12
10,07/07/2017,13.82
10,08/07/2017,3.89
10,09/07/2017,3.91
10,10/07/2017,18.23
10,11/07/2017,2.24
10,12/07/2017,26.03
10,13/07/2017,21.89
10,14/07/2017,14.06
10,15/07/2017,20.96
10,16/07/2017,6.55
10,17/07/2017,10.2
10,18/07/2017,17.41
10,19/07/2017,15.69
10,20/07/2017,12.94
10,21/07/2017,17.52
10,22/07/2017,7.48
10,23/07/2017,9.37
10,24/07/2017,3.83
10,25/07/2017,6
10,26/07/2017,12.77
10,27/07/2017,0.54
10,28/07/2017,7.41
10,29/07/2017,3.33
10,30/07/2017,4.45
10,31/07/2017,12.1
10,01/08/2017,9.17
10,02/08/2017,6.37
10,03/08/2017,6.35
10,04/08/2017,9.53
10,05/08/2017,1.37
10,06/08/2017,9.58
10,07/08/2017,7.88
10,08/08/2017,5.42
10,09/08/2017,16.66
10,10/08/2017,6.3
10,11/08/2017,2.48
10,12/08/2017,4.04
10,13/08/2017,2.32
10,14/08/2017,1.22
10,15/08/2017,4.9
10,16/08/2017,1.92
10,17/08/2017,8.43
10,18/08/2017,16.98
10,19/08/2017,4.07
10,20/08/2017,2.37
10,21/08/2017,5.56
10,22/08/2017,10.39
10,23/08/2017,8.73
10,24/08/2017,4.77
10,25/08/2017,4.29
10,26/08/2017,7.47
10,27/08/2017,7.15
10,28/08/2017,11.66
10,29/08/2017,12.37
10,30/08/2017,14.28
10,31/08/2017,18.54
10,01/09/2017,6.6
10,02/09/2017,3.7
10,03/09/2017,10.13
10,04/09/2017,19.88
10,05/09/2017,14.74
10,06/09/2017,11.65
10,07/09/2017,16.11
10,08/09/2017,11.26
10,09/09/2017,12.87
10,10/09/2017,14.14
10,11/09/2017,13.27
10,12/09/2017,9.31
10,13/09/2017,4.31
10,14/09/2017,19.96
10,15/09/2017,14.79
10,16/09/2017,19.09
10,17/09/2017,12.76
10,18/09/2017,20.14
10,19/09/2017,14.25
10,20/09/2017,18.89
10,21/09/2017,4.48
10,22/09/2017,23.06
10,23/09/2017,15.78
10,24/09/2017,13.93
10,25/09/2017,24.27
10,26/09/2017,23.13
10,27/09/2017,17.71
10,28/09/2017,21.96
10,29/09/2017,20.79
10,30/09/2017,27.71
10,01/10/2017,9.03
10,02/10/2017,36.26
10,03/10/2017,38.51
10,04/10/2017,25.71
10,05/10/2017,10.26
10,06/10/2017,17.84
10,07/10/2017,33.55
10,08/10/2017,7.85
10,09/10/2017,17.06
10,10/10/2017,20.95
10,11/10/2017,9.56
10,12/10/2017,31.71
10,13/10/2017,24.37
10,14/10/2017,10.84
10,15/10/2017,24.3
10,16/10/2017,23.98
10,17/10/2017,22.38
10,18/10/2017,27.62
10,19/10/2017,29.6
10,20/10/2017,5.88
10,21/10/2017,20.7
10,22/10/2017,4.82
10,23/10/2017,19.43
10,24/10/2017,12
10,25/10/2017,11.24
10,26/10/2017,1.71
10,27/10/2017,32.54
10,28/10/2017,25.45
10,29/10/2017,12.55
10,30/10/2017,36.77
10,31/10/2017,22.77
10,01/11/2017,17.12
10,02/11/2017,26.83
10,03/11/2017,36.51
10,04/11/2017,21.1
10,05/11/2017,18.7
10,06/11/2017,23.2
10,07/11/2017,26.33
10,08/11/2017,36.36
10,09/11/2017,6.59
10,10/11/2017,46.88
10,11/11/2017,21.41
10,12/11/2017,16.91
10,13/11/2017,11.15
10,14/11/2017,31.98
10,15/11/2017,30.85
10,16/11/2017,27.69
10,17/11/2017,36.07
10,18/11/2017,19.49
10,19/11/2017,25.82
10,20/11/2017,23.55
10,21/11/2017,25.79
10,22/11/2017,4.93
10,23/11/2017,27.84
10,24/11/2017,68.11
10,25/11/2017,40.09
10,26/11/2017,22.04
10,27/11/2017,41.84
10,28/11/2017,15.27
10,29/11/2017,18.28
10,30/11/2017,23.63
10,01/12/2017,13.34
10,02/12/2017,31.34
10,03/12/2017,21.46
10,04/12/2017,14.67
10,05/12/2017,34.68
10,06/12/2017,21.36
10,07/12/2017,27.93
10,08/12/2017,9.5
10,09/12/2017,20.9
10,10/12/2017,17.58
10,11/12/2017,33.65
10,12/12/2017,22.59
10,13/12/2017,27.34
10,14/12/2017,45.1
10,15/12/2017,13.08
10,16/12/2017,33.18
10,17/12/2017,20.17
10,18/12/2017,32.22
10,19/12/2017,28.1
10,20/12/2017,6.35
10,21/12/2017,23.12
10,22/12/2017,12.63
10,23/12/2017,5.85
10,24/12/2017,12.72
10,25/12/2017,6.19
10,26/12/2017,27.4
10,27/12/2017,21.51
10,28/12/2017,16.83
10,29/12/2017,24.43
10,30/12/2017,10.32
10,31/12/2017,10.32
10,01/01/2018,28.99
10,02/01/2018,28.9
10,03/01/2018,27.45
10,04/01/2018,32.27
10,05/01/2018,7.29
10,06/01/2018,19.52
10,07/01/2018,24.37
10,08/01/2018,20.44
10,09/01/2018,16.29
10,10/01/2018,17.87
10,11/01/2018,29.29
10,12/01/2018,18.6
10,13/01/2018,6.4
10,14/01/2018,14.36
10,15/01/2018,21.2
10,16/01/2018,9.89
10,17/01/2018,23.92
10,18/01/2018,16.48
10,19/01/2018,10.57
10,20/01/2018,11.53
10,21/01/2018,14.21
10,22/01/2018,25.63
10,23/01/2018,12.87
10,24/01/2018,22.02
10,25/01/2018,37.58
10,26/01/2018,30.38
10,27/01/2018,22.19
10,28/01/2018,28.49
10,29/01/2018,1.64
10,30/01/2018,28.18
10,31/01/2018,5.53
10,01/02/2018,32.07
10,02/02/2018,12.19
10,03/02/2018,18.37
10,04/02/2018,23.81
10,05/02/2018,21.04
10,06/02/2018,14.56
10,07/02/2018,17.41
10,08/02/2018,26.39
10,09/02/2018,17.42
10,10/02/2018,18.37
10,11/02/2018,16.63
10,12/02/2018,20.87
10,13/02/2018,19.74
10,14/02/2018,39.02
10,15/02/2018,9.2
10,16/02/2018,21.62
10,17/02/2018,18.86
10,18/02/2018,14.07
10,19/02/2018,18.21
10,20/02/2018,12.86
10,21/02/2018,8.08
10,22/02/2018,16.01
10,23/02/2018,15.7
10,24/02/2018,2.57
10,25/02/2018,10.16
10,26/02/2018,17.79
10,27/02/2018,6.94
10,28/02/2018,10.92
10,01/03/2018,9.86
10,02/03/2018,25.15
10,03/03/2018,15.05
10,04/03/2018,11.81
10,05/03/2018,11.84
10,06/03/2018,20.18
10,07/03/2018,25.92
10,08/03/2018,17.08
10,09/03/2018,28.27
10,10/03/2018,19.43
10,11/03/2018,7.4
10,12/03/2018,27.13
10,13/03/2018,14.97
10,14/03/2018,13.86
10,15/03/2018,29.49
10,16/03/2018,14.78
10,17/03/2018,11.67
10,18/03/2018,5.95
10,19/03/2018,20.3
10,20/03/2018,29.1
10,21/03/2018,17.07
10,22/03/2018,9.54
10,23/03/2018,21.48
10,24/03/2018,21.94
10,25/03/2018,16.25
10,26/03/2018,34.3
10,27/03/2018,14.43
10,28/03/2018,9.29
10,29/03/2018,20.88
10,30/03/2018,1.99
10,02/04/2018,21.25
10,03/04/2018,23.96
10,04/04/2018,4.87
10,05/04/2018,17.33
10,06/04/2018,6.84
10,07/04/2018,3.36
10,08/04/2018,7.3
10,09/04/2018,16.25
10,10/04/2018,7.31
10,11/04/2018,14.95
10,12/04/2018,19.78
10,13/04/2018,9.33
10,14/04/2018,8.97
10,15/04/2018,10.28
10,16/04/2018,13.52
10,17/04/2018,8.65
10,18/04/2018,13.68
10,19/04/2018,18.97
10,20/04/2018,9.13
10,21/04/2018,11.53
10,22/04/2018,12.36
10,23/04/2018,16.16
10,24/04/2018,26.1
10,25/04/2018,23.16
10,26/04/2018,14.43
10,27/04/2018,18.68
10,28/04/2018,9.66
10,29/04/2018,5.21
10,30/04/2018,15.23
10,01/05/2018,10.02
10,02/05/2018,3.5
10,03/05/2018,5.35
10,04/05/2018,23.06
10,05/05/2018,16.41
10,06/05/2018,17.36
10,07/05/2018,9.08
10,08/05/2018,8.09
10,09/05/2018,10.63
10,10/05/2018,8.16
10,11/05/2018,13.23
10,12/05/2018,13.54
10,13/05/2018,6.94
10,14/05/2018,13.02
10,15/05/2018,14.07
10,16/05/2018,6.42
10,17/05/2018,13.66
10,18/05/2018,15.51
10,19/05/2018,18.33
10,20/05/2018,6.46
10,21/05/2018,13.76
10,22/05/2018,21.7
10,23/05/2018,7.42
10,24/05/2018,10.79
10,25/05/2018,22.21
10,26/05/2018,7.89
10,27/05/2018,9.92
10,28/05/2018,21.26
10,29/05/2018,11.32
10,30/05/2018,33.15
10,31/05/2018,17.6
